created_at,text
2018-03-21 10:35:03,RT @BTCTN: G20 Argentina Ends With No New Cryptocurrency Regulation https://t.co/bZW3yZewBO #Bitcoin https://t.co/gQjNHLuw9C
2018-03-21 10:35:02,"RT @RoscacoinToken: Roscacoin bounty is on now !

https://t.co/5kw8ADIiBP"
2018-03-21 10:35:00,"RT @iamcharlieyou: Even though I know a lot of you are mega-bulls, I still think you are underestimating how big this next bull run is goin‚Ä¶"
2018-03-21 10:34:56,"RT @RandolphMlny: #Bitcoin #Satoshi #crypto #blockchain #Airdrop
New Airdrop #YooMiPHA üì¢

Bonus 100 #ENU Token ‚úàÔ∏èüí∞
Already trading on forkd‚Ä¶"
2018-03-21 10:34:54,"RT @TeamTrumpRussia: NSA Has Been Tracking Bitcoin Users Since 2013, New Snowden Documents Reveal | Zero Hedge https://t.co/WBwaaEwWKs"
2018-03-21 10:34:53,RT @PeerMountain: Security requires safeguards that make it difficult or impossible for criminals to gain access to your information. Read‚Ä¶
2018-03-21 10:34:52,"RT @EnjoyDigitAll: üé±[#LeChiffre] #CryptoKitties, le #PokemonChat sur #ethereum, fait fureur et rafle 12 M$ https://t.co/8hXQ9WUbHS v/@TechC‚Ä¶"
2018-03-21 10:34:51,"RT @KryptykHex: Traveling? 
Card blocked.

Online purchase at 2AM? 
Card blocked.

Interac transfer from VPN? 
Account locked.

Bitcoin pur‚Ä¶"
2018-03-21 10:34:49,"RT @Seigi44: Doing 10,000 $XRP giveaway in 4 days!

To enter:
1. RETWEET AND LIKE THIS 
2. FOLLOW ME

Binance registration: https://t.co/6U‚Ä¶"
2018-03-21 10:34:47,"RT @WhalePanda: 3 million transactions deducted twice from thousands of bank accounts at @ingnl due to ""technical difficulties"". #JustBankT‚Ä¶"
2018-03-21 10:34:45,RT @gregory_raymond: Tr√®s √©tonnants ces e-mails fake @PayPal qui menacent de fermer des comptes si les utilisateurs utilisent des cryptomon‚Ä¶
2018-03-21 10:34:44,"RT @bethereumteam: What are Smart Contracts?
Read more about the technology and what they mean for #Bethereum: https://t.co/Eki5dzkfyp
#blo‚Ä¶"
2018-03-21 10:34:43,"RT @DecibelsToken: Are you all ready for the final round of the Decibels Bounty Program?

We are excited for the upcoming contests and can'‚Ä¶"
2018-03-21 10:34:39,"RT @AnselLindner: ""Bitcoin will overtake the dollar in importance as it becomes the single global currency of the internet within a decade""‚Ä¶"
2018-03-21 10:34:38,RT @GymRewards: #GYMBase to launch with 7 cryptocurrencies for #trading! https://t.co/ZOd85qqWK3   #ICO . GYM Rewards #cryptocurrency solut‚Ä¶
2018-03-21 10:34:38,"RT @Blockchainlife: If you don't believe it or don't get it, I don't have the time to try to convince you, sorry. #Bitcoin

- Satoshi Nakam‚Ä¶"
2018-03-21 10:34:38,"RT @FRASCOIN: Beer &amp; Bitcoin, With Artur Stanek(FrasAmbassador) @ Warsaw, Poland https://t.co/g61UDUI47r"
2018-03-21 10:34:37,"RT @Remi_Vladuceanu: The ‚ÄòMt Gox Whale‚Äô Explains His Crypto-Selling Strategy https://t.co/Hm0lxRvPiz 
#newsoftheweek #Bitcoin #blockchain #‚Ä¶"
2018-03-21 10:34:36,RT @BitfuryGeorge: @CNBC Hey FUD spreaders .. And this is what happened to https://t.co/q6V3kXybnM &amp; now you have Tech Stock Dominate the V‚Ä¶
2018-03-21 10:34:36,"RT @bethereumteam: What do you value most about Bethereum?
#crypto #bitcoin #ethereum #BTC #betting #Blockchain #Bethereum #cryptocurrency"
2018-03-21 10:34:35,"RT @RamenCoin2018: The OFFICIAL @RamenCoin2018 Twitter #Airdrop ROUND 1 is LIVE!

Receive 500 $RAMEN for completing the tasks: https://t.co‚Ä¶"
2018-03-21 10:34:35,"RT @ArminVanBitcoin: 2010: It's too difficult.
2014: It's too risky.
2018: It's too expensive.
2022: It's too late.

#bitcoin"
2018-03-21 10:34:34,"RT @RandolphMlny: #Bitcoin #Satoshi #Earn_Money #cryptocurrency #blockchain #Airdrop
New Airdrop #RSKhain üì¢

#RSKChain distributes free 30‚Ä¶"
2018-03-21 10:34:34,"RT @RamenCoin2018: The OFFICIAL @RamenCoin2018 Twitter #Airdrop ROUND 1 is LIVE!

Receive 500 $RAMEN for completing the tasks: https://t.co‚Ä¶"
2018-03-21 10:34:33,"RT @iinterceptmedia: @cashbuyerslists First U.S. Real Estate Deed Recorded Using Ethereum
#realestate #cashbuyers #bitcoin #cryptocurrency‚Ä¶"
2018-03-21 10:34:32,RT @nfrisbie83: OK Internet... I need your help... let‚Äôs break a #worldrecord ... see how much #bitcoin we can cram into my wallet in #24ho‚Ä¶
2018-03-21 10:34:32,"RT @FreeZone_one: We are happy to announce that our smart-contract is finally up and running on github, just follow the link https://t.co/o‚Ä¶"
2018-03-21 10:34:31,"RT @bethereumteam: Some of you already correctly guessed the reason for our #Celebration!
We are one of the strongest #crypto communities a‚Ä¶"
2018-03-21 10:34:28,"RT @LegendOfCrypto: Will #Bitcoin be worth $1,000,000 one day? https://t.co/hebycGxSd3"
2018-03-21 10:34:27,"RT @dblancog: Dudo q .@realDonaldTrump logre su cometido, le recuerdo q las criptomonedas no tienen regulacion bancaria y d igual manera, V‚Ä¶"
2018-03-21 10:34:26,"RT @JulianAssange: NSA: ""Bitcoin #1 priority"". Good work by @samfbiddle -- but #Bitcoin'ers have suffered 4.5 years of attacks they didn't‚Ä¶"
2018-03-21 10:34:25,"RT @ROOMDAOICO: You can find Our public chat of ROOMDAO by link

https://t.co/aOFSxFxAkn

#follow #ico #bitcoin #roomdao #tokensale"
2018-03-21 10:34:24,RT @hoare_shea: #cryptowolfsignals Who lost money in bitcoin? https://t.co/dIDZUSdxid https://t.co/2y2UqkO6uR
2018-03-21 10:34:21,RT @GymRewards: #GYMBase to launch with 7 cryptocurrencies for #trading! https://t.co/ZOd85qqWK3   #ICO . GYM Rewards #cryptocurrency solut‚Ä¶
2018-03-21 10:34:19,"RT @BitCoinSusan: From Jack, Dorsey, who is  @jack &amp; CEO of @Twitter  &amp; @Square :  ""#bitcoin will overtake the dollar in importance as it b‚Ä¶"
2018-03-21 10:34:17,RT @TruVestco: Have You Considered Using Blockchain as Part of Your Marketing? https://t.co/efgTuHr7Wv #realestate #Blockchain #Marketing #‚Ä¶
2018-03-21 10:34:17,"RT @tippereconomy: *REVOLUTIONARY TRANSACTION MINING*
#Bitcoin network mining pools overrun independent nodes (solo-mining). The Tipper Blo‚Ä¶"
2018-03-21 10:34:16,RT @eku_b: –ë–∞–π—Ä –º–∞—à–∏–Ω–∞–∞ –±–∞—Ä—å—Ü–∞–∞–Ω–¥ —Ç–∞–≤–∏–∞–¥ Bitcoin –∞–≤–∞–∞–¥ –Ω–∞–≤—Å —à–∞—Ç–∞–∞–¥ –∑—ç—ç–ª—ç–Ω–¥—ç—ç –±–∞—Ä–∏–≥–¥–∞–∞–¥ –∞—Ä–≥–∞ —è–¥–∞—Ö–¥–∞–∞ —Ç”©—Ä–∏–π–Ω –±–∞–π–≥—É—É–ª–ª–∞–≥—É—É–¥–∞–∞—Ä —è–≤–∂ —Ö–æ—Ö–∏—Ä–ª–æ–æ –±–∞‚Ä¶
2018-03-21 10:34:15,"RT @FreeZone_one: We are happy to announce that our smart-contract is finally up and running on github, just follow the link https://t.co/o‚Ä¶"
2018-03-21 10:34:14,RT @MAVRO_COIN: Mavro will revolutionize how network marketing operates! Visit https://t.co/vMlDrljG9z to learn more! #Mavro #cryptocurrenc‚Ä¶
2018-03-21 10:34:14,"RT @bethereumteam: Checkout an interview with our team!
We feel that interviews get us even closer to our community. ü§ù
https://t.co/AUpyskY‚Ä¶"
2018-03-21 10:34:14,RT @nfrisbie83: OK Internet... I need your help... let‚Äôs break a #worldrecord ... see how much #bitcoin we can cram into my wallet in #24ho‚Ä¶
2018-03-21 10:34:12,RT @Omicrono: La NSA trat√≥ de rastrear transacciones de Bitcoin https://t.co/SqvJmUymgn https://t.co/YM4a2pdndx
2018-03-21 10:34:11,"RT @RandolphMlny: #Bitcoin #Satoshi #Earn_Money #cryptocurrency #blockchain #Airdrop
New Airdrop #Nauticus üì¢

#Nauticus Token get 100 #NTC‚Ä¶"
2018-03-21 10:34:11,RT @OpenPlatformICO: itBit Bitcoin Market Report: June 2016 https://t.co/SqX2QKETzt #allaboutbitcoin #cryptonews
2018-03-21 10:34:08,"RT @mywishplatform: We help our clients by posting information about their project on our website and social media channels. 
Thus, by crea‚Ä¶"
2018-03-21 10:34:08,RT @syscoin: Token Issuance on Syscoin Platform and Masternode Innovations: Development Update https://t.co/5rxelTIT9Q #blockchain #bitcoin‚Ä¶
2018-03-21 10:34:07,"RT @ProfFaustus: It is NOT price that we should be caring about. It is utility.

It is time to build. To work.

To create the systems that‚Ä¶"
2018-03-21 10:34:06,"RT @PeerMountain: Check out again our video to understand how Peer Mountain works :)

#blockchain #cryptocurrency #bitcoin #ethereum #Techn‚Ä¶"
2018-03-21 10:34:03,RT @OpenPlatformICO: itBit Bitcoin Market Report: June 2016 https://t.co/SqX2QKETzt #allaboutbitcoin #cryptonews
2018-03-21 10:33:58,RT @RedditBTC: G20 Confirms There Is No Need to Regulate Cryptocurrencies as of Right Now https://t.co/ihMo9OOtQd
2018-03-21 10:33:58,"RT @selfllery: Great news! 
SELFLLERY becomes even more multifunctional !
Now it‚Äôs possible to purchase YOU tokens with Bitcoin and ERC20 t‚Ä¶"
2018-03-21 10:33:56,"RT @WhalePanda: 3 million transactions deducted twice from thousands of bank accounts at @ingnl due to ""technical difficulties"". #JustBankT‚Ä¶"
